SourceAcount,DestiantionAccount,Amount,Date,TransactionID,
6534454617,6039548046,5000000000,1399/04/23,153348811341,
6039548046,5287517379,1000000000,1399/04/23,192524206627,
6039548046,5718373092,2000000000,1399/04/27,113480622054,
6039548046,9862369812,3000000000,1399/04/28,114556773378,
5287517379,1205418051,500000000,1399/04/29,185136982986,
9862369812,3714493428,3500000000,1399/04/30,197303042408,
5718373092,3714493428,600000000,1399/04/31,173993949660,
1205418051,7434776097,800000000,1399/04/31,107213392290,
3714493428,7434776097,1000000000,1399/04/31,131554897007,
4727992815,7434776097,2000000000,1399/05/01,163090175418,
7434776097,3084026274,4000000000,1399/05/02,126328028392,
4727992815,3084026274,200000000,1399/05/03,133232291681,
